City,Lat,Lng,Max Temp,Humidity,Cloudiness,Windspeed,Country,Date
Poum,-20.23,164.02,73.67,72,100,7.18,NC,1589581064
Bluff,-46.6,168.33,47.37,79,66,10.65,NZ,1589581064
Road Town,18.42,-64.62,82.4,74,75,6.93,VG,1589581064
Rikitea,-23.12,-134.97,74.64,83,75,20.51,PF,1589581065
Djebeniana,35.03,10.91,71.6,56,20,5.82,TN,1589581065
Alofi,-19.06,-169.92,82.4,78,37,3.36,NU,1589581065
Vaini,-21.2,-175.2,77.0,78,40,8.05,TO,1589580891
Punta Arenas,-53.15,-70.92,42.8,87,90,14.99,CL,1589581066
Korla,41.76,86.15,70.0,75,100,5.01,CN,1589580955
Khandyga,62.67,135.6,47.23,67,0,4.76,RU,1589581072
Bathsheba,13.22,-59.52,84.2,66,40,18.34,BB,1589581072
Arraial do Cabo,-22.97,-42.03,66.2,93,75,4.7,BR,1589580896
Mataura,-46.19,168.86,44.44,74,2,2.13,NZ,1589581073
Ostrów Mazowiecka,52.8,21.9,45.0,75,3,6.58,PL,1589581073
East London,-33.02,27.91,64.44,64,60,19.64,ZA,1589581074
Canandaigua,42.87,-77.29,62.01,98,100,5.99,US,1589581074
Tessalit,20.2,1.01,88.09,13,64,8.19,ML,1589581074
Cherskiy,68.75,161.3,37.33,77,0,4.27,RU,1589580940
Ushuaia,-54.8,-68.3,41.0,80,75,4.7,AR,1589581075
Nikolskoye,59.7,30.79,37.4,74,20,4.47,RU,1589581075
Sarkand,45.41,79.92,54.64,63,100,2.57,KZ,1589581075
Albany,42.6,-73.97,84.2,39,40,17.22,US,1589580787
Hermanus,-34.42,19.23,58.37,78,100,3.02,ZA,1589581080
Hobart,-42.88,147.33,48.0,87,75,9.17,AU,1589580786
Hailey,43.52,-114.32,53.6,46,75,9.17,US,1589581083
Upernavik,72.79,-56.15,32.31,97,95,11.36,GL,1589581083
Vardø,70.37,31.11,37.4,74,5,11.41,NO,1589580812
Chui,-33.7,-53.46,57.65,65,94,13.09,UY,1589581084
Castro,-24.79,-50.01,54.82,91,31,2.62,BR,1589581086
Forsytheganj,52.63,29.73,41.54,74,96,2.39,BY,1589581086
Tabou,4.42,-7.35,80.74,84,96,7.09,CI,1589581087
Kapaa,22.08,-159.32,80.01,78,40,6.93,US,1589580885
Yellowknife,62.46,-114.35,35.6,55,90,16.11,CA,1589581087
Maceió,-9.67,-35.74,78.8,78,20,4.7,BR,1589581090
Dikson,73.51,80.55,29.53,96,92,10.58,RU,1589581090
Acapulco de Juárez,16.86,-99.89,87.8,66,20,10.29,MX,1589580824
Santa Catarina de Tepehuanes,25.35,-105.73,81.91,13,0,17.36,MX,1589581091
Xai-Xai,-25.05,33.64,66.76,64,0,7.4,MZ,1589581091
Torbay,47.67,-52.73,39.99,93,75,9.17,CA,1589581091
Saint George,37.1,-113.58,86.0,13,1,12.75,US,1589580859
Morondava,-20.28,44.28,71.11,77,0,12.95,MG,1589581091
Petra,30.32,35.48,76.35,27,89,5.97,JO,1589581094
Meulaboh,4.14,96.13,78.39,85,100,3.38,ID,1589580926
Iqaluit,63.75,-68.51,32.0,93,40,4.7,CA,1589581095
New Norfolk,-42.78,147.06,46.99,92,84,3.58,AU,1589581096
Tromsø,69.65,18.96,37.4,59,40,29.97,NO,1589580879
Atuona,-9.8,-139.03,81.01,75,11,11.97,PF,1589580906
Tuatapere,-46.13,167.68,47.71,72,26,3.89,NZ,1589581097
Yangi Marg`ilon,40.43,71.72,59.0,77,100,2.24,UZ,1589581098
Saldanha,-33.01,17.94,53.6,81,21,2.24,ZA,1589581098
Marawi,8.0,124.29,77.0,96,98,4.0,PH,1589581098
Vanavara,60.34,102.28,34.54,81,0,2.19,RU,1589581099
Raja,8.46,25.68,79.32,57,1,5.23,SS,1589581099
Shizunai-furukawachō,42.33,142.37,49.33,76,100,9.57,JP,1589581100
Cidreira,-30.18,-50.21,58.53,67,27,4.85,BR,1589581101
George Town,5.41,100.34,82.4,88,20,3.96,MY,1589581103
Pevek,69.7,170.31,29.34,93,0,3.15,RU,1589581104
Rakaia,-43.75,172.02,48.0,95,0,2.71,NZ,1589581104
Mitsamiouli,-11.38,43.28,80.53,73,5,15.43,KM,1589581104
Zhigansk,66.77,123.37,39.0,80,70,7.09,RU,1589581104
Port Hardy,50.7,-127.42,59.0,67,75,4.7,CA,1589580838
Nouadhibou,20.93,-17.03,68.0,56,0,20.8,MR,1589581105
Manokwari,-0.87,134.08,81.75,77,52,1.68,ID,1589581105
Cotonou,6.37,2.42,84.2,83,40,9.17,BJ,1589580948
Lavrentiya,65.58,-171.0,33.85,89,0,11.68,RU,1589581106
Avarua,-21.21,-159.78,84.2,83,75,6.93,CK,1589581106
Ponta do Sol,32.67,-17.1,62.6,63,75,6.93,PT,1589580915
Busselton,-33.65,115.33,54.0,55,67,10.36,AU,1589581107
Tiksi,71.69,128.87,33.8,98,99,12.12,RU,1589581107
Puerto Ayora,-0.74,-90.35,84.2,62,20,18.34,EC,1589581108
Goryachegorsk,55.41,88.92,51.21,57,100,5.68,RU,1589581108
Kaitangata,-46.28,169.85,45.43,77,4,6.04,NZ,1589580900
Qaanaaq,77.48,-69.36,30.56,94,61,2.73,GL,1589581109
Hithadhoo,-0.6,73.08,84.22,76,100,17.74,MV,1589581063
Tuktoyaktuk,69.45,-133.04,24.8,85,90,13.87,CA,1589581110
Clyde River,70.47,-68.59,21.2,100,5,6.93,CA,1589581110
Watrous,51.67,-105.47,55.4,38,63,1.41,CA,1589581110
Taoudenni,22.68,-3.98,85.82,14,0,11.36,ML,1589581111
Souillac,-20.52,57.52,66.2,93,20,5.82,MU,1589580907
Quatre Cocos,-20.21,57.76,71.01,93,20,5.82,MU,1589581111
Bredasdorp,-34.53,20.04,51.8,71,96,4.7,ZA,1589580851
Dennery,13.9,-60.89,84.2,66,40,14.99,LC,1589581112
Spornoye,50.84,37.29,48.2,73,69,4.47,RU,1589581112
Manubul,5.47,120.8,85.15,76,97,9.73,PH,1589581112
Nome,64.5,-165.41,54.0,37,90,10.29,US,1589581112
Geraldton,-28.77,114.6,53.6,93,0,9.17,AU,1589581080
Saint-Pierre,-21.34,55.48,71.6,73,33,6.93,RE,1589581134
Bereda,43.27,-7.54,48.0,95,49,13.0,ES,1589581135
Longyearbyen,78.22,15.64,35.6,69,40,16.11,SJ,1589581135
Cabo San Lucas,22.89,-109.91,82.4,39,5,6.93,MX,1589581135
Port Elizabeth,-33.92,25.57,59.0,87,40,14.99,ZA,1589581135
Cape Town,-33.93,18.42,57.2,82,99,8.05,ZA,1589580900
Butaritari,3.07,172.79,83.34,74,53,7.63,KI,1589581136
Barrow,71.29,-156.79,28.4,86,75,16.11,US,1589581136
Doha,25.29,51.53,78.8,83,76,3.36,QA,1589581136
Mahébourg,-20.41,57.7,66.2,93,20,5.82,MU,1589580885
Vao,-22.67,167.48,72.37,79,81,18.05,NC,1589581137
Mar del Plata,-38.0,-57.56,63.0,59,56,6.93,AR,1589581137
Palauig,15.44,119.9,79.2,75,100,4.9,PH,1589581137
Ahipara,-35.17,173.17,61.27,71,33,7.61,NZ,1589580925
Belaya Gora,68.53,146.42,34.57,85,89,9.17,RU,1589581138
Forestville,38.85,-76.88,87.01,35,1,16.11,US,1589581010
Rudnichnyy,59.62,52.47,44.24,89,100,4.54,RU,1589581138
Purificación,3.86,-74.93,82.4,74,40,8.05,CO,1589581138
Cairns,-16.92,145.77,73.4,73,75,11.41,AU,1589581065
Murindó,6.98,-76.75,87.89,70,86,2.01,CO,1589581139
Champerico,14.3,-91.92,78.8,94,90,9.17,GT,1589581140
Havelock,34.88,-76.9,75.0,64,57,8.99,US,1589581140
Bonanza,14.03,-84.59,89.87,53,29,6.42,NI,1589581140
Nieuwpoort,51.12,2.77,44.6,70,8,2.89,BE,1589581141
Toora-Khem,52.47,96.11,34.95,79,0,1.03,RU,1589581145
Waipawa,-41.41,175.52,55.0,86,93,5.59,NZ,1589581145
Kendari,-3.94,122.5,76.19,93,100,2.89,ID,1589581146
Rodrigues Alves,-7.74,-72.65,75.2,94,75,3.36,BR,1589581146
Karpathos,35.51,27.21,73.4,53,0,4.7,GR,1589581114
Te Anau,-45.42,167.72,42.22,77,5,1.39,NZ,1589581147
Bambous Virieux,-20.34,57.76,71.01,93,20,5.82,MU,1589581147
Eyl,7.98,49.82,84.69,77,0,16.89,SO,1589581149
Bubaque,11.28,-15.83,79.34,75,0,16.55,GW,1589581149
Livingstone,-17.84,25.85,59.31,48,0,2.98,ZM,1589581149
Saint Paul Harbor,57.79,-152.41,46.4,87,90,19.46,US,1589581149
Nurota,40.56,65.69,60.8,77,65,4.7,UZ,1589581150
Merauke,-8.47,140.33,79.61,84,10,17.07,ID,1589581150
Port Lincoln,-34.73,135.87,52.65,55,0,11.16,AU,1589580940
Lorengau,-2.02,147.27,80.33,86,100,12.46,PG,1589581151
Buraidah,26.33,43.98,80.6,30,74,5.75,SA,1589581167
Handan,36.6,114.47,68.7,66,76,2.91,CN,1589581167
Bethel,41.37,-73.41,80.6,44,20,17.22,US,1589581167
Dali,25.7,100.18,55.58,78,0,4.72,CN,1589581168
Vostok,46.49,135.88,49.55,92,100,3.0,RU,1589581168
Huarmey,-10.07,-78.15,70.34,74,11,9.28,PE,1589581168
Hay River,60.82,-115.8,41.0,48,75,5.82,CA,1589581169
Kulhudhuffushi,6.62,73.07,80.4,87,100,21.0,MV,1589581169
Newtownards,54.59,-5.69,50.0,71,96,3.36,GB,1589581169
Kupang,-10.17,123.58,78.8,88,40,10.29,ID,1589581170
Port Blair,11.67,92.75,82.38,82,100,8.63,IN,1589581170
Gargždai,55.71,21.4,48.2,87,99,11.41,LT,1589581170
Kushima,31.46,131.23,75.2,88,90,17.22,JP,1589580919
Dingle,11.0,122.67,80.19,83,56,0.6,PH,1589581170
San Andrés,12.58,-81.7,87.8,70,20,9.17,CO,1589581171
Saint-Philippe,-21.36,55.77,71.6,73,35,6.93,RE,1589581171
Dwārka,22.24,68.97,81.01,82,0,12.97,IN,1589581171
Talcahuano,-36.72,-73.12,59.0,100,90,5.82,CL,1589581172
Ephrata,40.18,-76.18,82.99,42,20,16.11,US,1589581070
El Alto,-4.27,-81.21,72.25,77,9,13.58,PE,1589581172
Niitsu,37.8,139.12,66.2,68,75,9.17,JP,1589581172
Khasan,42.43,130.64,47.37,92,100,7.92,RU,1589581172
Kawalu,-7.38,108.21,74.01,92,80,1.25,ID,1589581173
Vanino,49.09,140.25,48.38,75,43,4.61,RU,1589581173
Port Alfred,-33.59,26.89,57.99,84,48,7.0,ZA,1589581174
Keningau,5.34,116.16,80.6,94,20,2.24,MY,1589581174
Mount Gambier,-37.83,140.77,39.2,93,0,9.17,AU,1589581174
Kailua,21.4,-157.74,84.2,65,40,11.41,US,1589581174
Erzin,36.96,36.2,82.99,38,0,3.22,TR,1589581174
Tsimmerbude,54.67,20.13,48.2,70,78,8.95,RU,1589580896
Pa Daet,19.5,99.99,75.0,100,40,1.01,TH,1589581175
Jamestown,42.1,-79.24,59.0,93,90,13.87,US,1589580884
Asău,46.43,26.4,57.2,87,39,9.17,RO,1589581176
Moerai,-22.43,-151.33,80.33,82,88,14.76,PF,1589581176
Mathbaria,22.29,89.96,80.74,88,14,3.56,BD,1589581176
Mount Isa,-20.73,139.5,64.4,39,0,8.05,AU,1589581176
Yel'nya,54.58,33.18,37.58,83,0,6.67,RU,1589581176
Manaure,11.78,-72.44,89.65,55,61,18.01,CO,1589581177
Bandarbeyla,9.49,50.81,83.17,83,5,18.68,SO,1589581177
Igarka,67.47,86.58,34.72,86,100,15.48,RU,1589581177
Tamiahua,21.27,-97.45,86.4,73,14,12.3,MX,1589581177
Flinders,-34.58,150.86,55.0,94,47,1.01,AU,1589581178
Tasiilaq,65.61,-37.64,33.8,74,100,1.52,GL,1589581178
Caucayá,-0.19,-74.78,82.24,79,48,1.28,CO,1589581178
Havre-St-Pierre,50.23,-63.6,44.6,56,90,12.75,CA,1589581179
Fort Nelson,58.81,-122.7,55.4,35,40,4.7,CA,1589580967
Blagoveshchensk,50.27,127.53,48.2,66,20,6.71,RU,1589581179
Ramos Arizpe,25.55,-100.97,91.4,27,40,9.17,MX,1589581181
Kumul,42.8,93.45,73.85,20,0,12.39,CN,1589581181
Ghugus,19.93,79.13,92.48,32,68,6.98,IN,1589581181
Codrington,-38.27,141.97,42.35,85,0,9.86,AU,1589581181
Talnakh,69.49,88.4,32.0,89,29,15.66,RU,1589581181
Nagaoka,37.45,138.85,61.0,82,100,3.15,JP,1589581182
Leningradskiy,69.38,178.42,27.3,96,94,3.94,RU,1589581182
Shelbyville,35.48,-86.46,78.8,57,40,9.17,US,1589581182
Lata,40.16,-8.33,64.0,86,41,5.99,PT,1589581182
Venezuela,8.0,-66.0,93.85,33,39,11.25,VE,1589581183
Northam,51.03,-4.22,48.99,75,0,5.01,GB,1589581183
Provideniya,64.38,-173.3,42.78,61,1,13.02,RU,1589581183
Bismarck,46.81,-100.78,69.8,30,75,11.41,US,1589581183
Derzhavīnsk,51.1,66.32,57.63,80,10,10.49,KZ,1589581184
Severobaykal'sk,55.65,109.32,35.85,80,99,10.16,RU,1589581184
Sayanogorsk,53.09,91.4,47.8,60,73,1.83,RU,1589581184
Katsuura,35.13,140.3,69.01,86,100,3.0,JP,1589581184
Yar-Sale,66.83,70.83,36.37,93,100,18.05,RU,1589581184
Bariloche,-41.15,-71.31,60.01,67,40,42.5,AR,1589581185
Samarai,-10.62,150.67,79.57,77,86,15.12,PG,1589581185
Bud,39.45,-86.18,73.0,88,75,3.36,US,1589581185
Safi,32.3,-9.24,64.44,78,47,14.16,MA,1589580977
Fernie,49.5,-115.07,62.6,39,75,9.17,CA,1589581140
Esperance,-33.87,121.9,59.0,87,90,9.17,AU,1589580893
Oranjestad,12.52,-70.03,84.2,74,20,26.4,AW,1589581186
Vagay,57.94,69.02,46.08,81,82,4.97,RU,1589581186
Sitka,57.05,-135.33,55.4,71,75,3.29,US,1589581187
Panji,-7.73,114.1,75.69,80,32,5.21,ID,1589581187
Kingaroy,-26.53,151.83,53.6,87,7,8.05,AU,1589581187
Westport,41.14,-73.36,79.0,53,1,16.11,US,1589581147
Kiryat Gat,31.61,34.76,82.0,44,37,5.82,IL,1589581187
San Patricio,19.22,-104.7,82.4,78,5,11.41,MX,1589581188
Port Pirie,-33.18,138.02,33.8,61,0,4.7,AU,1589581188
Mahenge,-8.68,36.72,60.66,80,0,2.42,TZ,1589581188
Lüderitz,-26.65,15.16,60.8,67,0,10.29,NA,1589581189
Airai,-8.93,125.41,59.97,100,99,4.07,TL,1589581189
Inhambane,-23.86,35.38,66.87,78,0,7.92,MZ,1589581189
Les Cayes,18.2,-73.75,81.82,71,27,11.52,HT,1589581189
Kuril'sk,45.23,147.88,41.43,81,36,6.89,RU,1589581189
Dunedin,-45.87,170.5,53.01,60,0,3.0,NZ,1589581190
Manakara,-22.13,48.02,69.03,87,69,0.98,MG,1589581190
Presidencia Roque Sáenz Peña,-26.79,-60.44,61.34,49,3,3.06,AR,1589580971
Honningsvåg,70.98,25.97,38.35,75,46,20.38,NO,1589581190
La Ronge,55.1,-105.28,50.0,27,75,11.41,CA,1589581190
Jaru,-10.44,-62.47,75.56,94,39,3.22,BR,1589581191
Agüimes,27.91,-15.45,68.0,60,75,17.22,ES,1589581191
Kalmunai,7.42,81.82,78.58,86,92,5.84,LK,1589581191
Hilo,19.73,-155.09,86.0,55,40,12.75,US,1589581191
Puerto Peñasco,31.32,-113.53,77.0,73,0,11.01,MX,1589581192
Marsabit,2.33,37.99,66.06,96,22,16.22,KE,1589581192
Santa Maria,-29.68,-53.81,57.2,67,77,2.24,BR,1589580967
Akdepe,42.06,59.38,66.2,72,2,4.7,TM,1589581192
Plyussa,58.43,29.37,34.5,90,66,3.87,RU,1589581192
Kirakira,-10.45,161.92,81.81,80,89,6.4,SB,1589581194
Fairbanks,64.84,-147.72,66.0,25,1,4.7,US,1589581194
Fethiye,36.62,29.12,66.2,77,0,4.7,TR,1589581194
Kavaratti,10.57,72.64,84.7,79,100,18.39,IN,1589581194
Aklavik,68.22,-135.01,28.4,74,90,19.46,CA,1589581195
Saskylakh,71.92,114.08,29.32,98,94,6.67,RU,1589580899
North Platte,41.12,-100.77,66.2,68,40,10.29,US,1589580944
Coahuayana Viejo,18.73,-103.68,87.8,23,5,11.41,MX,1589581195
Adrar,20.5,-10.07,80.64,18,0,10.58,MR,1589581196
Sarmanovo,55.26,52.59,44.6,100,75,13.42,RU,1589581196
Langsa,4.47,97.97,75.42,95,100,3.89,ID,1589581196
Grindavik,63.84,-22.43,42.8,48,0,8.05,IS,1589580929
Anito,12.45,125.29,81.21,84,100,11.95,PH,1589581196
Osmeña,10.52,119.93,84.6,76,98,6.42,PH,1589581197
Todos Santos,23.45,-110.22,68.0,77,0,8.01,MX,1589581197
Cibitoke Province,-2.88,29.25,63.52,91,88,2.75,BI,1589581197
Ngunguru,-35.62,174.5,61.0,85,60,8.99,NZ,1589581197
Aasiaat,68.71,-52.87,36.1,84,0,4.25,GL,1589581198
Mayo,38.89,-76.51,84.99,65,1,11.41,US,1589581198
Mata,40.68,-7.46,54.0,81,49,3.0,PT,1589581198
Pangody,65.85,74.49,42.03,82,100,22.57,RU,1589581198
Ixtapa,20.7,-105.2,82.4,74,20,17.22,MX,1589581199
Haines Junction,60.75,-137.51,58.28,40,35,4.83,CA,1589581199
Coburg,50.27,10.97,45.0,62,0,2.28,DE,1589581199
Le Port,-20.94,55.29,71.6,83,75,6.93,RE,1589581199
Klaksvík,62.23,-6.59,37.4,64,96,16.11,FO,1589581200
Goderich,43.75,-81.72,63.0,95,100,1.99,CA,1589580939
Kanlagay,5.88,121.29,82.83,81,96,7.34,PH,1589581200
Constitución,-35.33,-72.42,61.72,81,85,14.65,CL,1589581201
Coyhaique,-45.58,-72.07,55.4,87,90,3.36,CL,1589581201
Bonavista,48.65,-53.11,37.99,83,92,5.01,CA,1589581201
Tazovsky,67.47,78.7,32.13,97,100,18.07,RU,1589581201
Wukari,7.85,9.78,80.64,71,85,6.11,NG,1589581202
Am Timan,11.03,20.28,91.18,27,13,6.06,TD,1589581202
Ribeira Grande,38.52,-28.7,64.81,91,100,9.17,PT,1589581202
Noumea,-22.28,166.46,73.0,77,74,2.24,NC,1589581061
Vestmannaeyjar,63.44,-20.27,42.39,76,31,17.27,IS,1589581203
Guanay,-15.5,-67.88,71.91,69,67,1.92,BO,1589581203
Saint Anthony,45.02,-93.22,71.01,32,1,6.93,US,1589581203
Dhidhdhoo,6.88,73.1,80.87,85,100,17.9,MV,1589581204
Carnarvon,-24.87,113.63,69.1,24,0,11.23,AU,1589581204
São Filipe,14.9,-24.5,72.79,78,1,8.7,CV,1589581204
Ketchikan,55.34,-131.65,60.8,55,20,9.17,US,1589581205
Bilibino,68.05,166.44,31.19,90,0,5.08,RU,1589581206
Atasū,48.68,71.64,55.17,76,63,6.8,KZ,1589581206
Richards Bay,-28.78,32.04,65.79,67,0,12.06,ZA,1589581206
Thompson,55.74,-97.86,44.6,26,40,14.99,CA,1589581206
Chernyshevskiy,63.01,112.47,40.03,94,99,5.68,RU,1589581207
Severo-Kuril'sk,50.68,156.12,37.49,83,45,7.78,RU,1589581207
Rurrenabaque,-14.44,-67.53,71.49,81,90,0.18,BO,1589581207
Lagoa,39.05,-27.98,64.17,92,100,7.36,PT,1589581208
Gračac,44.3,15.85,69.01,82,100,1.12,HR,1589581209
Bilma,18.69,12.92,81.19,14,0,1.3,NE,1589581209
Bengkulu,-3.8,102.27,76.57,87,29,3.98,ID,1589580918
Isangel,-19.55,169.27,73.4,83,75,5.82,VU,1589581209
Meadow Lake,34.8,-106.54,82.0,11,40,9.17,US,1589581201
Golfito,8.64,-83.17,82.94,78,86,3.29,CR,1589581210
Namatanai,-3.67,152.43,83.12,77,33,8.41,PG,1589581210
Uglegorsk,49.08,142.03,44.26,79,96,4.29,RU,1589581210
Coquimbo,-29.95,-71.34,59.0,77,0,6.93,CL,1589581211
Poltavka,54.37,71.76,55.56,79,97,11.72,RU,1589581211
Zorya,45.99,29.7,56.97,89,100,7.18,UA,1589581211
Kavieng,-2.57,150.8,84.29,78,26,16.28,PG,1589581212
Nadvoitsy,63.87,34.32,34.09,87,74,1.66,RU,1589581212
Acarí,-15.43,-74.62,72.84,57,24,5.44,PE,1589581212
Khatanga,71.97,102.5,29.08,95,0,9.55,RU,1589581212
Lanivtsi,49.86,26.09,42.55,95,100,5.21,UA,1589581212
Svetlaya,46.54,138.33,47.17,88,100,2.89,RU,1589581213
Ferkessédougou,9.6,-5.2,80.58,69,34,4.72,CI,1589581213
Erzincan Province,39.75,39.5,59.0,54,1,5.82,TR,1589581213
Jieshi,22.81,115.83,78.17,89,0,5.03,CN,1589581214
Paoua,7.24,16.44,77.41,70,56,7.63,CF,1589581216
Sisimiut,66.94,-53.67,42.58,72,52,5.88,GL,1589581216
Batagay,67.63,134.63,38.23,82,99,5.61,RU,1589581216
Namerikawa,36.77,137.33,66.99,59,75,11.41,JP,1589581218
Znamenskoye,57.13,73.83,55.81,91,99,10.02,RU,1589581218
Deputatsky,69.3,139.9,33.48,100,99,3.13,RU,1589581218
Taltal,-25.4,-70.48,64.76,59,0,3.47,CL,1589581218
Broome,42.25,-75.83,66.99,88,90,6.93,US,1589581218
Ust-Kuyga,70.02,135.6,36.37,95,100,5.37,RU,1589581219
High Level,58.52,-117.14,53.6,23,20,10.29,CA,1589581219
Bowen,-20.02,148.23,69.01,82,90,10.29,AU,1589580934
Chokurdakh,70.63,147.92,26.74,95,0,11.07,RU,1589581219
Husavik,66.04,-17.34,35.6,69,20,11.41,IS,1589581220
Petropavlovsk-Kamchatskiy,53.05,158.65,46.4,52,100,2.24,RU,1589581220
Doka,13.52,35.77,86.23,39,63,7.65,SD,1589581221
Fortuna,40.6,-124.16,64.0,59,1,12.75,US,1589581221
Arman',59.7,150.17,47.62,59,92,6.17,RU,1589581221
St. George's,12.06,-61.75,84.2,74,40,17.22,GD,1589581083
Ayan,56.45,138.17,35.87,85,100,11.88,RU,1589581222
Hamilton,39.18,-84.53,73.99,69,75,8.05,US,1589581011
Kushmurun,52.45,64.63,57.06,77,0,9.69,KZ,1589581222
Butembo,0.15,29.28,57.74,100,68,2.8,CD,1589581223
Skjern,55.95,8.5,48.99,84,37,4.0,DK,1589581223
Bellevue,47.61,-122.2,70.0,42,20,5.82,US,1589580962
Belmonte,-15.86,-38.88,78.8,83,20,8.05,BR,1589581224
Ascoli Piceno,42.85,13.57,63.0,75,86,4.76,IT,1589581224
Tura,25.52,90.22,71.85,91,0,5.3,IN,1589581224
Nelson Bay,-32.72,152.15,55.99,100,90,10.29,AU,1589581225
Kenai,60.55,-151.26,64.4,34,1,9.17,US,1589581226
Tawao,4.25,117.89,77.0,94,20,3.36,MY,1589581226
Cap Malheureux,-19.98,57.61,71.01,80,14,4.0,MU,1589581226
Aného,6.23,1.6,83.32,82,45,9.46,TG,1589581226
Okahandja,-21.98,16.92,60.8,36,0,4.7,NA,1589581226
Rumphi,-11.02,33.86,59.31,69,6,2.91,MW,1589581227
Pleasanton,37.66,-121.87,75.0,43,1,11.41,US,1589581083
Bonfim,3.08,-59.95,80.94,77,93,5.06,BR,1589581227
San Jose,37.34,-121.89,75.99,28,75,12.75,US,1589581003
Lompoc,34.64,-120.46,66.99,59,1,19.46,US,1589581228
Trivandrum,8.48,76.92,78.8,88,75,3.36,IN,1589581041
Chifeng,42.27,118.96,56.01,80,100,7.2,CN,1589581228
Gua Musang,4.88,101.96,76.24,93,90,0.87,MY,1589581229
Berlevåg,70.86,29.09,36.12,82,21,14.18,NO,1589581229
Sibut,5.72,19.07,74.73,86,0,1.72,CF,1589581230
Medyn',54.97,35.86,33.8,86,0,2.24,RU,1589581230
Nanortalik,60.14,-45.24,39.09,90,98,13.8,GL,1589581230
Klyuchevskiy,53.53,119.45,40.37,86,99,14.52,RU,1589581230
Karratha,-20.74,116.85,62.11,28,0,14.99,AU,1589581231
Padang,-0.95,100.35,79.29,79,97,4.18,ID,1589581231
Mae Sai,20.43,99.88,75.0,100,20,2.24,TH,1589581231
Eurajoki,61.2,21.73,39.2,69,20,6.93,FI,1589580975
Kadoma,34.73,135.58,63.0,93,75,5.82,JP,1589581231
Kahului,20.89,-156.47,86.0,58,40,19.46,US,1589580988
Norman Wells,65.28,-126.83,41.0,44,75,17.22,CA,1589581232
Barra de Tecoanapa,16.52,-98.75,87.35,58,26,10.96,MX,1589581232
Tautira,-17.73,-149.15,80.6,88,75,4.7,PF,1589581232
Sovetskiy,61.36,63.58,39.43,73,16,3.85,RU,1589581144
Jinka,5.65,36.65,63.57,97,98,2.62,ET,1589581233
Ancud,-41.87,-73.82,60.01,100,90,17.22,CL,1589581233
Takoradze,4.88,-1.76,81.84,84,1,9.04,GH,1589581233
Tabas,33.6,56.92,72.63,21,1,3.47,IR,1589581234
Whitehorse,60.72,-135.05,57.0,58,75,3.36,CA,1589581235
Manuk Mangkaw,4.8,119.85,85.77,70,96,8.48,PH,1589581235
Ostrovnoy,68.05,39.51,34.95,92,100,7.18,RU,1589581236
Evensk,61.95,159.23,37.85,78,96,15.59,RU,1589581236
Pangnirtung,66.15,-65.71,35.6,69,5,8.05,CA,1589581236
Khani,41.96,42.96,59.0,77,3,4.7,GE,1589581236
Abaeté,-19.16,-45.45,69.87,85,59,2.77,BR,1589581236
Krivosheino,57.34,83.93,58.77,83,100,7.0,RU,1589581237
Port Keats,-14.25,129.55,72.3,56,50,11.45,AU,1589581237
Oussouye,12.48,-16.55,78.8,88,0,6.93,SN,1589581237
Ballina,-28.87,153.57,60.8,93,75,8.05,AU,1589581238
Uyskoye,54.38,60.0,48.02,64,16,3.24,RU,1589581238
Herat Province,34.5,62.0,56.16,53,0,5.77,AF,1589581238
Roebourne,-20.78,117.13,62.47,29,0,13.82,AU,1589581238
Suluova,40.83,35.65,66.2,48,52,3.31,TR,1589581239
Camacha,33.08,-16.33,62.6,67,40,19.46,PT,1589581239
Esim,4.87,-2.24,81.59,85,1,8.28,GH,1589581240
Annau,37.89,58.52,64.4,59,40,2.24,TM,1589581240
Saint-Joseph,-21.37,55.62,71.6,73,36,6.93,RE,1589580956
Solnechnyy,50.72,136.63,45.37,79,92,8.75,RU,1589581240
Hong Kong,22.29,114.16,80.01,78,1,4.0,HK,1589580611
Pyapon,16.28,95.68,83.68,70,100,4.36,MM,1589581241
Techiman,7.59,-1.94,75.61,90,100,5.37,GH,1589581241
San Luis de la Paz,21.3,-100.52,86.0,22,0,3.0,MX,1589581241
Rocha,-34.48,-54.33,57.13,63,49,13.33,UY,1589581242
Hualmay,-11.1,-77.61,68.4,76,27,7.16,PE,1589581242
Las Palmas,28.42,-14.01,68.0,68,9,16.11,ES,1589581242
Harrison,30.41,-89.04,77.0,88,90,18.34,US,1589581242
Yaan,7.38,8.57,78.91,72,100,5.75,NG,1589581243
Red Bluff,40.18,-122.24,78.8,24,1,6.93,US,1589580975
Turtucaia,44.05,26.62,69.01,79,49,7.67,BG,1589581243
Zhanakorgan,43.91,67.25,66.2,45,40,2.98,KZ,1589581243
Mildura,-34.2,142.15,41.0,86,0,4.7,AU,1589581244
Lima,-12.04,-77.03,64.4,88,90,6.93,PE,1589581244
Belmopan,17.25,-88.77,91.99,43,47,7.0,BZ,1589581244
Lebu,-37.62,-73.65,57.9,93,95,4.18,CL,1589581244
Carrick-on-Suir,52.35,-7.41,50.0,72,81,1.01,IE,1589581244
Lufilufi,-13.87,-171.6,84.99,71,20,8.46,WS,1589581245
Khorinsk,52.17,109.77,37.62,79,100,9.04,RU,1589581245
Faanui,-16.48,-151.75,81.95,74,36,8.23,PF,1589581245
Alvorada,-12.48,-49.12,77.13,76,51,3.8,BR,1589581245
Zapolyarnyy,69.42,30.81,33.8,64,12,13.87,RU,1589581246
San Cristobal,7.77,-72.22,80.6,65,40,6.93,VE,1589581246
Bushehr,28.97,50.84,82.47,39,12,4.09,IR,1589581246
Austin,30.27,-97.74,91.4,49,1,6.93,US,1589581049
Hoa Binh,20.81,105.34,75.2,88,11,2.24,VN,1589581126
Iralaya,15.0,-83.23,89.6,66,20,9.17,HN,1589581247
Severnoye,56.35,78.36,59.67,75,13,12.57,RU,1589581247
San Quintín,30.48,-115.95,69.22,66,0,18.9,MX,1589581247
Oddur,4.12,43.89,75.42,82,0,14.72,SO,1589581247
Kovdor,67.57,30.48,27.25,95,41,3.69,RU,1589581248
Boguchany,58.38,97.45,37.81,71,35,2.3,RU,1589581248
Khāsh,28.22,61.22,66.67,26,80,7.63,IR,1589581248
Kozhevnikovo,56.26,83.97,64.0,55,100,7.94,RU,1589581248
La Grande,45.32,-118.09,59.0,54,1,6.93,US,1589581248
Cukai,4.25,103.42,78.8,94,77,3.0,MY,1589581249
Imbituba,-28.24,-48.67,66.2,63,1,9.17,BR,1589581249
Kumëny,58.11,49.92,43.25,97,100,4.45,RU,1589581249
Sinnamary,5.38,-52.95,76.59,90,100,5.77,GF,1589581249
Chimoio,-19.12,33.48,60.8,87,0,1.97,MZ,1589581250
Odesa,46.48,30.73,53.6,93,95,4.47,UA,1589581250
Palmer,42.16,-72.33,78.8,50,75,19.46,US,1589581251
Gizo Government Station,-8.1,156.84,83.32,74,49,5.79,SB,1589581251
Kruisfontein,-34.0,24.73,53.71,84,33,10.31,ZA,1589581251
Khovd,48.01,91.64,54.05,42,44,1.59,MN,1589581251
Leh,34.17,77.58,40.84,58,4,3.4,IN,1589581252
Pochutla,15.74,-96.47,90.0,58,20,8.7,MX,1589581252
Loa Janan,-0.58,117.09,76.19,98,80,1.9,ID,1589581252
Anori,-3.77,-61.64,77.81,94,59,0.98,BR,1589581252
Trofors,65.53,13.41,32.0,94,75,2.24,NO,1589581253
São José da Coroa Grande,-8.9,-35.15,78.53,83,9,8.68,BR,1589581253
Shimoda,34.67,138.95,66.0,3,100,13.67,JP,1589581253
Vila do Maio,15.13,-23.22,71.6,73,20,17.22,CV,1589581253
Baghdad,33.34,44.4,80.6,26,2,6.93,IQ,1589581081
Ilorin,8.5,4.55,79.81,72,63,5.41,NG,1589581254
Tilichiki,60.47,166.1,32.31,99,81,7.2,RU,1589581254
Havøysund,71.0,24.66,33.8,69,20,33.33,NO,1589581255
Abhā,18.22,42.51,69.8,49,20,2.82,SA,1589581255
Ullapool,57.9,-5.16,46.99,83,95,5.99,GB,1589581255
Punta Gorda,26.93,-82.05,81.0,69,20,14.99,US,1589581086
Katobu,-4.94,122.53,76.55,94,100,4.76,ID,1589581256
Duayaw-Nkwanta,7.17,-2.1,74.57,96,100,3.4,GH,1589581256
Srednekolymsk,67.45,153.68,32.31,92,99,4.43,RU,1589581256
Yangambi,0.81,24.43,69.85,98,90,1.36,CD,1589581256
Okitipupa,6.5,4.78,78.42,92,86,2.77,NG,1589581257
Elko,41.0,-115.5,64.4,25,75,6.93,US,1589581060
Omsukchan,62.53,155.8,33.89,92,100,4.85,RU,1589581257
Aitape,-3.14,142.35,80.64,83,53,4.7,PG,1589581257
Cabinda,-5.55,12.2,79.2,90,0,6.4,AO,1589581258
Correntina,-13.34,-44.64,75.25,65,15,2.08,BR,1589581258
Chail,25.43,81.63,90.57,25,0,2.3,IN,1589581258
Katete,-0.78,29.75,62.6,96,93,2.68,UG,1589581258
Caravelas,-17.71,-39.25,74.75,90,29,7.27,BR,1589581259
Pemangkat,1.17,108.97,77.95,89,1,5.01,ID,1589581259
Half Moon Bay,37.46,-122.43,73.99,82,40,12.75,US,1589581204
Pedreiras,-4.57,-44.6,77.25,92,100,0.4,BR,1589581261
Anadyr,64.75,177.48,39.2,64,40,10.18,RU,1589581262
Los Llanos de Aridane,28.66,-17.92,68.0,64,20,16.11,ES,1589581262
Saurimo,-9.66,20.39,63.82,47,0,4.23,AO,1589581262
Narsaq,60.92,-46.05,53.6,22,100,12.75,GL,1589580884
Anyama,5.49,-4.05,84.2,83,20,10.29,CI,1589581262
Beringovskiy,63.05,179.32,31.32,96,100,15.14,RU,1589581263
Conceição do Araguaia,-8.26,-49.26,86.0,74,80,2.24,BR,1589581263
Øksfjord,70.24,22.35,35.6,59,89,18.34,NO,1589581263
Provincie Utrecht,52.0,5.25,48.0,79,0,4.45,NL,1589581070
Manadhoo,5.77,73.38,81.84,84,100,23.82,MV,1589581263
Mwense,-10.38,28.7,67.55,59,0,7.29,ZM,1589581264
Bloomingdale,27.89,-82.24,88.0,58,40,10.29,US,1589581264
Eydhafushi,5.1,73.07,81.93,81,97,14.58,MV,1589581264
Dubbo,-32.25,148.62,48.2,87,48,10.29,AU,1589581266
Makueni Boma,-1.8,37.62,63.79,98,77,2.08,KE,1589581266
Saint-Augustin,51.23,-58.65,45.95,66,98,10.96,CA,1589581266
Waingapu,-9.66,120.26,77.16,86,54,9.35,ID,1589581266
Mil'kovo,54.72,158.62,35.65,90,100,5.32,RU,1589581267
Roald,62.58,6.13,37.4,70,100,16.11,NO,1589581268
Bukachacha,52.98,116.92,44.22,83,100,13.76,RU,1589581268
Sinop Province,41.77,34.87,70.77,43,70,10.56,TR,1589581268
Ilulissat,69.22,-51.1,35.6,80,0,4.7,GL,1589581268
Krasnosel'kup,65.7,82.47,43.59,77,100,21.36,RU,1589581269
Gōtsuchō,35.0,132.22,63.79,91,100,7.09,JP,1589581269
Kruglolesskoye,44.66,42.81,59.0,82,85,4.47,RU,1589581206
Mackay,-21.15,149.2,69.8,77,41,12.75,AU,1589581269
Hambantota,6.12,81.12,81.43,80,100,19.64,LK,1589581270
Rabo de Peixe,37.8,-25.58,60.8,82,75,5.82,PT,1589581270
Arrondissement de Rennes,48.17,-1.67,48.99,66,0,8.05,FR,1589581270
Comodoro Rivadavia,-45.87,-67.5,68.0,56,100,25.28,AR,1589580993
Salisbury,51.07,-1.8,48.2,70,63,5.82,GB,1589581270
Baracoa,20.35,-74.5,84.76,62,0,8.16,CU,1589581271
Amapá,1.0,-52.0,73.63,97,100,2.55,BR,1589581271
Três Passos,-27.46,-53.93,55.99,63,0,1.01,BR,1589581111
Tandur,17.23,77.58,87.51,41,93,9.31,IN,1589581271
Aksha,50.28,113.29,43.83,67,100,9.64,RU,1589581271
Progreso,21.28,-89.67,100.99,31,40,11.41,MX,1589581272
Juanacatlán,20.52,-103.17,88.0,10,5,10.29,MX,1589581272
Helena,46.59,-112.04,46.4,70,90,19.46,US,1589581254
Cockburn Town,21.46,-71.14,80.6,78,100,23.09,TC,1589581272
Amursk,50.23,136.9,48.83,78,93,13.31,RU,1589581273
Sola,-13.88,167.55,82.4,78,90,5.82,VU,1589581273
Hirara,24.8,125.28,80.6,94,75,12.75,JP,1589581273
Vila Franca do Campo,37.72,-25.43,60.8,82,75,5.82,PT,1589581273
Gandajika,-6.75,23.95,70.02,84,0,1.48,CD,1589581274
Sioux Lookout,50.1,-91.92,60.8,41,75,5.82,CA,1589581274
Byron Bay,-28.65,153.62,59.0,93,75,8.05,AU,1589581274
Cayenne,4.93,-52.33,77.0,100,100,2.24,GF,1589581274
Daru,-9.08,143.21,79.34,83,65,21.79,PG,1589581275
Viedma,-40.81,-63.0,68.31,50,22,12.75,AR,1589581275
Taree,-31.9,152.47,57.99,93,75,8.05,AU,1589581143
Eyrarbakki,63.86,-21.15,42.8,35,2,14.99,IS,1589581276
Tomatlán,19.93,-105.25,94.62,16,0,13.31,MX,1589581276
Wadena,46.44,-95.14,62.6,42,1,9.17,US,1589581276
Ginir,7.13,40.7,58.01,95,0,4.79,ET,1589581278
Alice Springs,-23.7,133.88,37.4,59,0,4.7,AU,1589581277
Bintulu,3.17,113.03,80.01,100,75,2.24,MY,1589581278
Biloela,-24.42,150.5,60.24,62,0,15.23,AU,1589581278
São João da Barra,-21.64,-41.05,69.8,88,90,11.41,BR,1589581278
The Valley,18.22,-63.06,82.99,69,75,11.41,AI,1589581279
Waverly,42.74,-84.62,71.6,56,75,6.93,US,1589581223
Petropavl,54.88,69.16,49.51,86,70,7.36,KZ,1589581279
Karatuzskoye,53.61,92.87,42.64,63,28,3.38,RU,1589581279
Tarakan,3.3,117.63,82.09,81,100,0.27,ID,1589581280
Aleysk,52.49,82.78,60.28,79,100,15.03,RU,1589581280
Ha Tinh,18.33,105.9,79.39,79,96,2.19,VN,1589581280
Monrovia,6.3,-10.8,77.0,94,75,7.34,LR,1589581281
Itarema,-2.92,-39.92,78.8,88,100,8.03,BR,1589581281
Verkhnevilyuysk,63.45,120.32,48.83,71,92,5.48,RU,1589581282
Gushi,34.64,109.58,63.66,72,89,7.85,CN,1589581283
Gannan,47.91,123.5,58.39,59,0,4.74,CN,1589581283
Pingdu,36.78,119.95,60.8,82,0,4.47,CN,1589581283
Fallon,39.47,-118.78,68.0,22,75,4.7,US,1589581283
Gornopravdinsk,60.05,69.9,45.46,83,100,6.49,RU,1589581157
Bulungu,-4.55,18.6,72.1,84,4,2.46,CD,1589581284
Guerrero Negro,27.98,-114.06,71.06,62,35,21.77,MX,1589581051
Varkala,8.73,76.71,78.8,88,75,2.24,IN,1589581285
Camacupa,-12.02,17.48,56.71,56,4,4.76,AO,1589581285
Puerto Carreño,6.19,-67.49,89.6,55,40,3.36,CO,1589581285
Salalah,17.02,54.09,84.2,83,40,2.24,OM,1589581285
Kieta,-6.22,155.63,83.43,75,23,4.52,PG,1589581286
Penzance,50.12,-5.54,51.01,81,0,6.93,GB,1589581286
Hāgere Hiywet,8.98,37.85,59.41,70,73,1.81,ET,1589581286
Nizhniy Kuranakh,58.84,125.49,46.58,63,7,1.68,RU,1589581286
Arrondissement de Brive-la-Gaillarde,45.25,1.5,57.0,87,0,3.0,FR,1589581056
Sept-Îles,50.2,-66.38,48.2,36,75,11.41,CA,1589581287
Angol,-37.8,-72.72,64.4,88,40,2.15,CL,1589581287
Paamiut,61.99,-49.67,39.74,88,87,11.01,GL,1589581288
Bambanglipuro,-7.95,110.28,77.79,88,87,9.48,ID,1589581288
Ust-Tsilma,65.44,52.15,39.49,73,1,7.31,RU,1589581288
Boa Vista,2.82,-60.67,87.8,48,40,11.41,BR,1589581289
Tabuk,17.42,121.44,72.36,93,100,2.59,PH,1589581289
